-1.14,	0.00000000,	0
-1.13,	0.02063239,	0.000206324
-1.12,	0.11102464,	0.00131657
-1.11,	0.19876759,	0.003304246
-1.10, 	0.28390000,	0.006143246
-1.09,	0.36646039,	0.00980785
-1.08,	0.44648704,	0.014272721
-1.07,	0.52401799,	0.0195129
-1.06,	0.59909104,	0.025503811
-1.05,	0.67174375,	0.032221248
-1.04,	0.74201344,	0.039641383
-1.03,	0.80993719,	0.047740755
-1.02,	0.87555184,	0.056496273
-1.01,	0.93889399,	0.065885213
-1.00,  1.00000000,	0.075885213
-0.99,	1.05890599,	0.086474273
-0.98,	1.11564784,	0.097630751
-0.97,	1.17026119,	0.109333363
-0.96,	1.22278144,	0.121561178
-0.95,	1.27324375,	0.134293615
-0.94,	1.32168304,	0.147510445
-0.93,	1.36813399,	0.161191785
-0.92,	1.41263104,	0.175318096
-0.91,	1.45520839,	0.18987018
-0.90,  1.49590000,	0.20482918
-0.89,	1.53473959,	0.220176576
-0.88,	1.57176064,	0.235894182
-0.87,	1.60699639,	0.251964146
-0.86,	1.64047984,	0.268368944
-0.85,	1.67224375,	0.285091382
-0.84,	1.70232064,	0.302114588
-0.83,	1.73074279,	0.319422016
-0.82,	1.75754224,	0.336997438
-0.81,	1.78275079,	0.354824946
-0.80,	1.80640000,	0.372888946
-0.79,	1.82852119,	0.391174158
-0.78,	1.84914544,	0.409665613
-0.77,	1.86830359,	0.428348649
-0.76,	1.88602624,	0.447208911
-0.75,	1.90234375,	0.466232348
-0.74,	1.91728624,	0.485405211
-0.73,	1.93088359,	0.504714047
-0.72,	1.94316544,	0.524145701
-0.71,	1.95416119,	0.543687313
-0.70,	1.96390000,	0.563326313
-0.69,	1.97241079,	0.583050421
-0.68,	1.97972224,	0.602847643
-0.67,	1.98586279,	0.622706271
-0.66,	1.99086064,	0.642614878
-0.65,	1.99474375,	0.662562315
-0.64,	1.99753984,	0.682537714
-0.63,	1.99927639,	0.702530477
-0.62,	1.99998064,	0.722530284
-0.61,	1.99967959,	0.74252708
-0.60,	1.99840000,	0.76251108
-0.59,	1.99616839,	0.782472764
-0.58,	1.99301104,	0.802402874
-0.57,	1.98895399,	0.822292414
-0.56,	1.98402304,	0.842132644
-0.55,	1.97824375,	0.861915082
-0.54,	1.97164144,	0.881631496
-0.53,	1.96424119,	0.901273908
-0.52,	1.95606784,	0.920834587
-0.51,	1.94714599,	0.940306046
-0.50,	1.93750000,	0.959681046
-0.49,	1.92715399,	0.978952586
-0.48,	1.91613184,	0.998113905
-0.47,	1.90445719,	1.017158477
-0.46,	1.89215344,	1.036080011
-0.45,	1.87924375,	1.054872449
-0.44,	1.86575104,	1.073529959
-0.43,	1.85169799,	1.092046939
-0.42,	1.83710704,	1.110418009
-0.41,	1.82200039,	1.128638013
-0.40,	1.80640000,	1.146702013
-0.39,	1.79032759,	1.164605289
-0.38,	1.77380464,	1.182343335
-0.37,	1.75685239,	1.199911859
-0.36,	1.73949184,	1.217306778
-0.35,	1.72174375,	1.234524215
-0.34,	1.70362864,	1.251560502
-0.33,	1.68516679,	1.26841217
-0.32,	1.66637824,	1.285075952
-0.31,	1.64728279,	1.30154878
-0.30,	1.62790000,	1.31782778
-0.29,	1.60824919,	1.333910272
-0.28,	1.58834944,	1.349793766
-0.27,	1.56821959,	1.365475962
-0.26,	1.54787824,	1.380954744
-0.25,	1.52734375,	1.396228182
-0.24,	1.50663424,	1.411294524
-0.23,	1.48576759,	1.4261522
-0.22,	1.46476144,	1.440799815
-0.21,	1.44363319,	1.455236147
-0.20,	1.42240000,	1.469460147
-0.19,	1.40107879,	1.483470934
-0.18,	1.37968624,	1.497267797
-0.17,	1.35823879,	1.510850185
-0.16,	1.33675264,	1.524217711
-0.15,	1.31524375,	1.537370149
-0.14,	1.29372784,	1.550307427
-0.13,	1.27222039,	1.563029631
-0.12,	1.25073664,	1.575536997
-0.11,	1.22929159,	1.587829913
-0.10,	1.20790000,	1.599908913
-0.09,	1.18657639,	1.611774677
-0.08,	1.16533504,	1.623428028
-0.07,	1.14418999,	1.634869927
-0.06,	1.12315504,	1.646101478
-0.05,	1.10224375,	1.657123915
-0.04,	1.08146944,	1.66793861
-0.03,	1.06084519,	1.678547062
-0.02,	1.04038384,	1.6889509
-0.01,	1.02009799,	1.69915188
0.00,	1.00000000,	1.70915188
0.01,	0.98010199,	1.7189529
0.02,	0.96041584,	1.728557058
0.03,	0.94095319,	1.73796659
0.04,	0.92172544,	1.747183845
0.05,	0.90274375,	1.756211282
0.06,	0.88401904,	1.765051472
0.07,	0.86556199,	1.773707092
0.08,	0.84738304,	1.782180923
0.09,	0.82949239,	1.790475847
0.10,	0.81190000,	1.798594847
0.11,	0.79461559,	1.806541003
0.12,	0.77764864,	1.814317489
0.13,	0.76100839,	1.821927573
0.14,	0.74470384,	1.829374611
0.15,	0.72874375,	1.836662049
0.16,	0.71313664,	1.843793415
0.17,	0.69789079,	1.850772323
0.18,	0.68301424,	1.857602465
0.19,	0.66851479,	1.864287613
0.20,	0.65440000,	1.870831613
0.21,	0.64067719,	1.877238385
0.22,	0.62735344,	1.88351192
0.23,	0.61443559,	1.889656276
0.24,	0.60193024,	1.895675578
0.25,	0.58984375,	1.901574015
0.26,	0.57818224,	1.907355838
0.27,	0.56695159,	1.913025354
0.28,	0.55615744,	1.918586928
0.29,	0.54580519,	1.92404498
0.30,	0.53590000,	1.92940398
0.31,	0.52644679,	1.934668448
0.32,	0.51745024,	1.93984295
0.33,	0.50891479,	1.944932098
0.34,	0.50084464,	1.949940545
0.35,	0.49324375,	1.954872982
0.36,	0.48611584,	1.959734141
0.37,	0.47946439,	1.964528784
0.38,	0.47329264,	1.969261711
0.39,	0.46760359,	1.973937747
0.40,	0.46240000,	1.978561747
0.41,	0.45768439,	1.983138591
0.42,	0.45345904,	1.987673181
0.43,	0.44972599,	1.992170441
0.44,	0.44648704,	1.996635311
0.45,	0.44374375,	2.001072749
0.46,	0.44149744,	2.005487723
0.47,	0.43974919,	2.009885215
0.48,	0.43849984,	2.014270214
0.49,	0.43774999,	2.018647713
0.50,	0.43750000,	2.023022713
0.51,	0.43774999,	2.027400213
0.52,	0.43849984,	2.031785212
0.53,	0.43974919,	2.036182704
0.54,	0.44149744,	2.040597678
0.55,	0.44374375,	2.045035116
0.56,	0.44648704,	2.049499986
0.57,	0.44972599,	2.053997246
0.58,	0.45345904,	2.058531836
0.59,	0.45768439,	2.06310868
0.60,	0.46240000,	2.06773268
0.61,	0.46760359,	2.072408716
0.62,	0.47329264,	2.077141642
0.63,	0.47946439,	2.081936286
0.64,	0.48611584,	2.086797445
0.65,	0.49324375,	2.091729882
0.66,	0.50084464,	2.096738329
0.67,	0.50891479,	2.101827477
0.68,	0.51745024,	2.107001979
0.69,	0.52644679,	2.112266447
0.70,	0.53590000,	2.117625447
0.71,	0.54580519,	2.123083499
0.72,	0.55615744,	2.128645073
0.73,	0.56695159,	2.134314589
0.74,	0.57818224,	2.140096411
0.75,	0.58984375,	2.145994849
0.76,	0.60193024,	2.152014151
0.77,	0.61443559,	2.158158507
0.78,	0.62735344,	2.164432042
0.79,	0.64067719,	2.170838814
0.80,	0.65440000,	2.177382814
0.81,	0.66851479,	2.184067961
0.82,	0.68301424,	2.190898104
0.83,	0.69789079,	2.197877012
0.84,	0.71313664,	2.205008378
0.85,	0.72874375,	2.212295816
0.86,	0.74470384,	2.219742854
0.87,	0.76100839,	2.227352938
0.88,	0.77764864,	2.235129424
0.89,	0.79461559,	2.24307558
0.90,	0.81190000,	2.25119458
0.91,	0.82949239,	2.259489504
0.92,	0.84738304,	2.267963335
0.93,	0.86556199,	2.276618954
0.94,	0.88401904,	2.285459145
0.95,	0.90274375,	2.294486582
0.96,	0.92172544,	2.303703837
0.97,	0.94095319,	2.313113369
0.98,	0.96041584,	2.322717527
0.99,	0.98010199,	2.332518547
1.00,	1.00000000,	2.342518547
1.01,	1.02009799,	2.352719527
1.02,	1.04038384,	2.363123365
1.03,	1.06084519,	2.373731817
1.04,	1.08146944,	2.384546512
1.05,	1.10224375,	2.395568949
1.06,	1.12315504,	2.406800499
1.07,	1.14418999,	2.418242399
1.08,	1.16533504,	2.42989575
1.09,	1.18657639,	2.441761514
1.10,	1.20790000,	2.453840514
1.11,	1.22929159,	2.46613343
1.12,	1.25073664,	2.478640796
1.13,	1.27222039,	2.491363
1.14,	1.29372784,	2.504300278
1.15,	1.31524375,	2.517452716
1.16,	1.33675264,	2.530820242
1.17,	1.35823879,	2.54440263
1.18,	1.37968624,	2.558199492
1.19,	1.40107879,	2.57221028
1.20,	1.42240000,	2.58643428
1.21,	1.44363319,	2.600870612
1.22,	1.46476144,	2.615518227
1.23,	1.48576759,	2.630375903
1.24,	1.50663424,	2.645442245
1.25,	1.52734375,	2.660715682
1.26,	1.54787824,	2.676194465
1.27,	1.56821959,	2.691876661
1.28,	1.58834944,	2.707760155
1.29,	1.60824919,	2.723842647
1.30,	1.62790000,	2.740121647
1.31,	1.64728279,	2.756594475
1.32,	1.66637824,	2.773258257
1.33,	1.68516679,	2.790109925
1.34,	1.70362864,	2.807146212
1.35,	1.72174375,	2.824363649
1.36,	1.73949184,	2.841758568
1.37,	1.75685239,	2.859327091
1.38,	1.77380464,	2.877065138
1.39,	1.79032759,	2.894968414
1.40,	1.80640000,	2.913032414
1.41,	1.82200039,	2.931252418
1.42,	1.83710704,	2.949623488
1.43,	1.85169799,	2.968140468
1.44,	1.86575104,	2.986797978
1.45,	1.87924375,	3.005590416
1.46,	1.89215344,	3.02451195
1.47,	1.90445719,	3.043556522
1.48,	1.91613184,	3.062717841
1.49,	1.92715399,	3.08198938
1.50,	1.93750000,	3.10136438
1.51,	1.94714599,	3.12083584
1.52,	1.95606784,	3.140396519
1.53,	1.96424119,	3.160038931
1.54,	1.97164144,	3.179755345
1.55,	1.97824375,	3.199537783
1.56,	1.98402304,	3.219378013
1.57,	1.98895399,	3.239267553
1.58,	1.99301104,	3.259197663
1.59,	1.99616839,	3.279159347
1.60,	1.99840000,	3.299143347
1.61,	1.99967959,	3.319140143
1.62,	1.99998064,	3.339139949
1.63,	1.99927639,	3.359132713
1.64,	1.99753984,	3.379108112
1.65,	1.99474375,	3.399055549
1.66,	1.99086064,	3.418964156
1.67,	1.98586279,	3.438822784
1.68,	1.97972224,	3.458620006
1.69,	1.97241079,	3.478344114
1.70,	1.96390000,	3.497983114
1.71,	1.95416119,	3.517524726
1.72,	1.94316544,	3.53695638
1.73,	1.93088359,	3.556265216
1.74,	1.91728624,	3.575438078
1.75,	1.90234375,	3.594461516
1.76,	1.88602624,	3.613321778
1.77,	1.86830359,	3.632004814
1.78,	1.84914544,	3.650496269
1.79,	1.82852119,	3.668781481
1.80,	1.80640000,	3.686845481
1.81,	1.78275079,	3.704672988
1.82,	1.75754224,	3.722248411
1.83,	1.73074279,	3.739555839
1.84,	1.70232064,	3.756579045
1.85,	1.67224375,	3.773301483
1.86,	1.64047984,	3.789706281
1.87,	1.60699639,	3.805776245
1.88,	1.57176064,	3.821493851
1.89,	1.53473959,	3.836841247
1.90,	1.49590000,	3.851800247
1.91,	1.45520839,	3.866352331
1.92,	1.41263104,	3.880478642
1.93,	1.36813399,	3.894159981
1.94,	1.32168304,	3.907376812
1.95,	1.27324375,	3.920109249
1.96,	1.22278144,	3.932337064
1.97,	1.17026119,	3.944039676
1.98,	1.11564784,	3.955196154
1.99,	1.05890599,	3.965785214
2.00,	1.00000000,	3.975785214
2.01,	0.93889399,	3.985174154
2.02,	0.87555184,	3.993929672
2.03,	0.80993719,	4.002029044
