Z,PDF,CDF
-4.00,0.000,0.000
-3.99,0.000,0.000
-3.98,0.000,0.000
-3.97,0.000,0.000
-3.96,0.000,0.000
-3.95,0.000,0.000
-3.94,0.000,0.000
-3.93,0.000,0.000
-3.92,0.000,0.000
-3.91,0.000,0.000
-3.90,0.000,0.000
-3.89,0.000,0.000
-3.88,0.000,0.000
-3.87,0.000,0.000
-3.86,0.000,0.000
-3.85,0.000,0.000
-3.84,0.000,0.000
-3.83,0.000,0.000
-3.82,0.000,0.000
-3.81,0.000,0.000
-3.80,0.000,0.000
-3.79,0.000,0.000
-3.78,0.000,0.000
-3.77,0.000,0.000
-3.76,0.000,0.000
-3.75,0.000,0.000
-3.74,0.000,0.000
-3.73,0.000,0.000
-3.72,0.000,0.000
-3.71,0.000,0.000
-3.70,0.000,0.000
-3.69,0.000,0.000
-3.68,0.001,0.000
-3.67,0.001,0.000
-3.66,0.001,0.000
-3.65,0.001,0.000
-3.64,0.001,0.000
-3.63,0.001,0.000
-3.62,0.001,0.000
-3.61,0.001,0.000
-3.60,0.001,0.000
-3.59,0.001,0.000
-3.58,0.001,0.000
-3.57,0.001,0.000
-3.56,0.001,0.000
-3.55,0.001,0.000
-3.54,0.001,0.000
-3.53,0.001,0.000
-3.52,0.001,0.000
-3.51,0.001,0.000
-3.50,0.001,0.000
-3.49,0.001,0.000
-3.48,0.001,0.000
-3.47,0.001,0.000
-3.46,0.001,0.000
-3.45,0.001,0.000
-3.44,0.001,0.000
-3.43,0.001,0.000
-3.42,0.001,0.000
-3.41,0.001,0.000
-3.40,0.001,0.000
-3.39,0.001,0.000
-3.38,0.001,0.000
-3.37,0.001,0.000
-3.36,0.001,0.000
-3.35,0.002,0.000
-3.34,0.002,0.000
-3.33,0.002,0.000
-3.32,0.002,0.001
-3.31,0.002,0.001
-3.30,0.002,0.001
-3.29,0.002,0.001
-3.28,0.002,0.001
-3.27,0.002,0.001
-3.26,0.002,0.001
-3.25,0.002,0.001
-3.24,0.002,0.001
-3.23,0.002,0.001
-3.22,0.002,0.001
-3.21,0.002,0.001
-3.20,0.002,0.001
-3.19,0.003,0.001
-3.18,0.003,0.001
-3.17,0.003,0.001
-3.16,0.003,0.001
-3.15,0.003,0.001
-3.14,0.003,0.001
-3.13,0.003,0.001
-3.12,0.003,0.001
-3.11,0.003,0.001
-3.10,0.003,0.001
-3.09,0.003,0.001
-3.08,0.004,0.001
-3.07,0.004,0.001
-3.06,0.004,0.001
-3.05,0.004,0.001
-3.04,0.004,0.001
-3.03,0.004,0.001
-3.02,0.004,0.001
-3.01,0.004,0.001
-3.00,0.004,0.001
-2.99,0.005,0.001
-2.98,0.005,0.001
-2.97,0.005,0.002
-2.96,0.005,0.002
-2.95,0.005,0.002
-2.94,0.005,0.002
-2.93,0.006,0.002
-2.92,0.006,0.002
-2.91,0.006,0.002
-2.90,0.006,0.002
-2.89,0.006,0.002
-2.88,0.006,0.002
-2.87,0.007,0.002
-2.86,0.007,0.002
-2.85,0.007,0.002
-2.84,0.007,0.002
-2.83,0.007,0.002
-2.82,0.008,0.002
-2.81,0.008,0.003
-2.80,0.008,0.003
-2.79,0.008,0.003
-2.78,0.008,0.003
-2.77,0.009,0.003
-2.76,0.009,0.003
-2.75,0.009,0.003
-2.74,0.009,0.003
-2.73,0.010,0.003
-2.72,0.010,0.003
-2.71,0.010,0.003
-2.70,0.010,0.004
-2.69,0.011,0.004
-2.68,0.011,0.004
-2.67,0.011,0.004
-2.66,0.012,0.004
-2.65,0.012,0.004
-2.64,0.012,0.004
-2.63,0.013,0.004
-2.62,0.013,0.004
-2.61,0.013,0.005
-2.60,0.014,0.005
-2.59,0.014,0.005
-2.58,0.014,0.005
-2.57,0.015,0.005
-2.56,0.015,0.005
-2.55,0.015,0.005
-2.54,0.016,0.006
-2.53,0.016,0.006
-2.52,0.017,0.006
-2.51,0.017,0.006
-2.50,0.018,0.006
-2.49,0.018,0.006
-2.48,0.018,0.007
-2.47,0.019,0.007
-2.46,0.019,0.007
-2.45,0.020,0.007
-2.44,0.020,0.007
-2.43,0.021,0.008
-2.42,0.021,0.008
-2.41,0.022,0.008
-2.40,0.022,0.008
-2.39,0.023,0.008
-2.38,0.024,0.009
-2.37,0.024,0.009
-2.36,0.025,0.009
-2.35,0.025,0.009
-2.34,0.026,0.010
-2.33,0.026,0.010
-2.32,0.027,0.010
-2.31,0.028,0.010
-2.30,0.028,0.011
-2.29,0.029,0.011
-2.28,0.030,0.011
-2.27,0.030,0.012
-2.26,0.031,0.012
-2.25,0.032,0.012
-2.24,0.033,0.013
-2.23,0.033,0.013
-2.22,0.034,0.013
-2.21,0.035,0.014
-2.20,0.036,0.014
-2.19,0.036,0.014
-2.18,0.037,0.015
-2.17,0.038,0.015
-2.16,0.039,0.015
-2.15,0.040,0.016
-2.14,0.040,0.016
-2.13,0.041,0.017
-2.12,0.042,0.017
-2.11,0.043,0.017
-2.10,0.044,0.018
-2.09,0.045,0.018
-2.08,0.046,0.019
-2.07,0.047,0.019
-2.06,0.048,0.020
-2.05,0.049,0.020
-2.04,0.050,0.021
-2.03,0.051,0.021
-2.02,0.052,0.022
-2.01,0.053,0.022
-2.00,0.054,0.023
-1.99,0.055,0.023
-1.98,0.056,0.024
-1.97,0.057,0.024
-1.96,0.058,0.025
-1.95,0.060,0.026
-1.94,0.061,0.026
-1.93,0.062,0.027
-1.92,0.063,0.027
-1.91,0.064,0.028
-1.90,0.066,0.029
-1.89,0.067,0.029
-1.88,0.068,0.030
-1.87,0.069,0.031
-1.86,0.071,0.031
-1.85,0.072,0.032
-1.84,0.073,0.033
-1.83,0.075,0.034
-1.82,0.076,0.034
-1.81,0.078,0.035
-1.80,0.079,0.036
-1.79,0.080,0.037
-1.78,0.082,0.038
-1.77,0.083,0.038
-1.76,0.085,0.039
-1.75,0.086,0.040
-1.74,0.088,0.041
-1.73,0.089,0.042
-1.72,0.091,0.043
-1.71,0.093,0.044
-1.70,0.094,0.045
-1.69,0.096,0.046
-1.68,0.097,0.047
-1.67,0.099,0.048
-1.66,0.101,0.049
-1.65,0.102,0.050
-1.64,0.104,0.051
-1.63,0.106,0.052
-1.62,0.107,0.053
-1.61,0.109,0.054
-1.60,0.111,0.055
-1.59,0.113,0.056
-1.58,0.115,0.057
-1.57,0.116,0.058
-1.56,0.118,0.059
-1.55,0.120,0.061
-1.54,0.122,0.062
-1.53,0.124,0.063
-1.52,0.126,0.064
-1.51,0.128,0.066
-1.50,0.130,0.067
-1.49,0.132,0.068
-1.48,0.133,0.069
-1.47,0.135,0.071
-1.46,0.137,0.072
-1.45,0.139,0.074
-1.44,0.142,0.075
-1.43,0.144,0.076
-1.42,0.146,0.078
-1.41,0.148,0.079
-1.40,0.150,0.081
-1.39,0.152,0.082
-1.38,0.154,0.084
-1.37,0.156,0.085
-1.36,0.158,0.087
-1.35,0.160,0.089
-1.34,0.163,0.090
-1.33,0.165,0.092
-1.32,0.167,0.093
-1.31,0.169,0.095
-1.30,0.171,0.097
-1.29,0.174,0.099
-1.28,0.176,0.100
-1.27,0.178,0.102
-1.26,0.180,0.104
-1.25,0.183,0.106
-1.24,0.185,0.108
-1.23,0.187,0.109
-1.22,0.190,0.111
-1.21,0.192,0.113
-1.20,0.194,0.115
-1.19,0.197,0.117
-1.18,0.199,0.119
-1.17,0.201,0.121
-1.16,0.204,0.123
-1.15,0.206,0.125
-1.14,0.208,0.127
-1.13,0.211,0.129
-1.12,0.213,0.131
-1.11,0.216,0.134
-1.10,0.218,0.136
-1.09,0.220,0.138
-1.08,0.223,0.140
-1.07,0.225,0.142
-1.06,0.228,0.145
-1.05,0.230,0.147
-1.04,0.232,0.149
-1.03,0.235,0.152
-1.02,0.237,0.154
-1.01,0.240,0.156
-1.00,0.242,0.159
-0.99,0.244,0.161
-0.98,0.247,0.164
-0.97,0.249,0.166
-0.96,0.252,0.169
-0.95,0.254,0.171
-0.94,0.257,0.174
-0.93,0.259,0.176
-0.92,0.261,0.179
-0.91,0.264,0.181
-0.90,0.266,0.184
-0.89,0.269,0.187
-0.88,0.271,0.189
-0.87,0.273,0.192
-0.86,0.276,0.195
-0.85,0.278,0.198
-0.84,0.280,0.201
-0.83,0.283,0.203
-0.82,0.285,0.206
-0.81,0.287,0.209
-0.80,0.290,0.212
-0.79,0.292,0.215
-0.78,0.294,0.218
-0.77,0.297,0.221
-0.76,0.299,0.224
-0.75,0.301,0.227
-0.74,0.303,0.230
-0.73,0.306,0.233
-0.72,0.308,0.236
-0.71,0.310,0.239
-0.70,0.312,0.242
-0.69,0.314,0.245
-0.68,0.317,0.248
-0.67,0.319,0.251
-0.66,0.321,0.255
-0.65,0.323,0.258
-0.64,0.325,0.261
-0.63,0.327,0.264
-0.62,0.329,0.268
-0.61,0.331,0.271
-0.60,0.333,0.274
-0.59,0.335,0.278
-0.58,0.337,0.281
-0.57,0.339,0.284
-0.56,0.341,0.288
-0.55,0.343,0.291
-0.54,0.345,0.295
-0.53,0.347,0.298
-0.52,0.349,0.302
-0.51,0.350,0.305
-0.50,0.352,0.309
-0.49,0.354,0.312
-0.48,0.356,0.316
-0.47,0.357,0.319
-0.46,0.359,0.323
-0.45,0.361,0.326
-0.44,0.362,0.330
-0.43,0.364,0.334
-0.42,0.365,0.337
-0.41,0.367,0.341
-0.40,0.368,0.345
-0.39,0.370,0.348
-0.38,0.371,0.352
-0.37,0.373,0.356
-0.36,0.374,0.359
-0.35,0.375,0.363
-0.34,0.377,0.367
-0.33,0.378,0.371
-0.32,0.379,0.375
-0.31,0.380,0.378
-0.30,0.381,0.382
-0.29,0.383,0.386
-0.28,0.384,0.390
-0.27,0.385,0.394
-0.26,0.386,0.397
-0.25,0.387,0.401
-0.24,0.388,0.405
-0.23,0.389,0.409
-0.22,0.389,0.413
-0.21,0.390,0.417
-0.20,0.391,0.421
-0.19,0.392,0.425
-0.18,0.393,0.429
-0.17,0.393,0.433
-0.16,0.394,0.436
-0.15,0.395,0.440
-0.14,0.395,0.444
-0.13,0.396,0.448
-0.12,0.396,0.452
-0.11,0.397,0.456
-0.10,0.397,0.460
-0.09,0.397,0.464
-0.08,0.398,0.468
-0.07,0.398,0.472
-0.06,0.398,0.476
-0.05,0.398,0.480
-0.04,0.399,0.484
-0.03,0.399,0.488
-0.02,0.399,0.492
-0.01,0.399,0.496
0.00,0.399,0.500
0.01,0.399,0.504
0.02,0.399,0.508
0.03,0.399,0.512
0.04,0.399,0.516
0.05,0.398,0.520
0.06,0.398,0.524
0.07,0.398,0.528
0.08,0.398,0.532
0.09,0.397,0.536
0.10,0.397,0.540
0.11,0.397,0.544
0.12,0.396,0.548
0.13,0.396,0.552
0.14,0.395,0.556
0.15,0.395,0.560
0.16,0.394,0.564
0.17,0.393,0.568
0.18,0.393,0.571
0.19,0.392,0.575
0.20,0.391,0.579
0.21,0.390,0.583
0.22,0.389,0.587
0.23,0.389,0.591
0.24,0.388,0.595
0.25,0.387,0.599
0.26,0.386,0.603
0.27,0.385,0.606
0.28,0.384,0.610
0.29,0.383,0.614
0.30,0.381,0.618
0.31,0.380,0.622
0.32,0.379,0.626
0.33,0.378,0.629
0.34,0.377,0.633
0.35,0.375,0.637
0.36,0.374,0.641
0.37,0.373,0.644
0.38,0.371,0.648
0.39,0.370,0.652
0.40,0.368,0.655
0.41,0.367,0.659
0.42,0.365,0.663
0.43,0.364,0.666
0.44,0.362,0.670
0.45,0.361,0.674
0.46,0.359,0.677
0.47,0.357,0.681
0.48,0.356,0.684
0.49,0.354,0.688
0.50,0.352,0.692
0.51,0.350,0.695
0.52,0.349,0.699
0.53,0.347,0.702
0.54,0.345,0.705
0.55,0.343,0.709
0.56,0.341,0.712
0.57,0.339,0.716
0.58,0.337,0.719
0.59,0.335,0.722
0.60,0.333,0.726
0.61,0.331,0.729
0.62,0.329,0.732
0.63,0.327,0.736
0.64,0.325,0.739
0.65,0.323,0.742
0.66,0.321,0.745
0.67,0.319,0.749
0.68,0.317,0.752
0.69,0.314,0.755
0.70,0.312,0.758
0.71,0.310,0.761
0.72,0.308,0.764
0.73,0.306,0.767
0.74,0.303,0.770
0.75,0.301,0.773
0.76,0.299,0.776
0.77,0.297,0.779
0.78,0.294,0.782
0.79,0.292,0.785
0.80,0.290,0.788
0.81,0.287,0.791
0.82,0.285,0.794
0.83,0.283,0.797
0.84,0.280,0.800
0.85,0.278,0.802
0.86,0.276,0.805
0.87,0.273,0.808
0.88,0.271,0.811
0.89,0.269,0.813
0.90,0.266,0.816
0.91,0.264,0.819
0.92,0.261,0.821
0.93,0.259,0.824
0.94,0.257,0.826
0.95,0.254,0.829
0.96,0.252,0.832
0.97,0.249,0.834
0.98,0.247,0.837
0.99,0.244,0.839
1.00,0.242,0.841
1.01,0.240,0.844
1.02,0.237,0.846
1.03,0.235,0.849
1.04,0.232,0.851
1.05,0.230,0.853
1.06,0.228,0.855
1.07,0.225,0.858
1.08,0.223,0.860
1.09,0.220,0.862
1.10,0.218,0.864
1.11,0.216,0.867
1.12,0.213,0.869
1.13,0.211,0.871
1.14,0.208,0.873
1.15,0.206,0.875
1.16,0.204,0.877
1.17,0.201,0.879
1.18,0.199,0.881
1.19,0.197,0.883
1.20,0.194,0.885
1.21,0.192,0.887
1.22,0.190,0.889
1.23,0.187,0.891
1.24,0.185,0.893
1.25,0.183,0.894
1.26,0.180,0.896
1.27,0.178,0.898
1.28,0.176,0.900
1.29,0.174,0.902
1.30,0.171,0.903
1.31,0.169,0.905
1.32,0.167,0.907
1.33,0.165,0.908
1.34,0.163,0.910
1.35,0.160,0.912
1.36,0.158,0.913
1.37,0.156,0.915
1.38,0.154,0.916
1.39,0.152,0.918
1.40,0.150,0.919
1.41,0.148,0.921
1.42,0.146,0.922
1.43,0.144,0.924
1.44,0.142,0.925
1.45,0.139,0.927
1.46,0.137,0.928
1.47,0.135,0.929
1.48,0.133,0.931
1.49,0.132,0.932
1.50,0.130,0.933
1.51,0.128,0.935
1.52,0.126,0.936
1.53,0.124,0.937
1.54,0.122,0.938
1.55,0.120,0.939
1.56,0.118,0.941
1.57,0.116,0.942
1.58,0.115,0.943
1.59,0.113,0.944
1.60,0.111,0.945
1.61,0.109,0.946
1.62,0.107,0.947
1.63,0.106,0.948
1.64,0.104,0.950
1.65,0.102,0.951
1.66,0.101,0.952
1.67,0.099,0.953
1.68,0.097,0.954
1.69,0.096,0.955
1.70,0.094,0.955
1.71,0.093,0.956
1.72,0.091,0.957
1.73,0.089,0.958
1.74,0.088,0.959
1.75,0.086,0.960
1.76,0.085,0.961
1.77,0.083,0.962
1.78,0.082,0.963
1.79,0.080,0.963
1.80,0.079,0.964
1.81,0.078,0.965
1.82,0.076,0.966
1.83,0.075,0.966
1.84,0.073,0.967
1.85,0.072,0.968
1.86,0.071,0.969
1.87,0.069,0.969
1.88,0.068,0.970
1.89,0.067,0.971
1.90,0.066,0.971
1.91,0.064,0.972
1.92,0.063,0.973
1.93,0.062,0.973
1.94,0.061,0.974
1.95,0.060,0.974
1.96,0.058,0.975
1.97,0.057,0.976
1.98,0.056,0.976
1.99,0.055,0.977
2.00,0.054,0.977
2.01,0.053,0.978
2.02,0.052,0.978
2.03,0.051,0.979
2.04,0.050,0.979
2.05,0.049,0.980
2.06,0.048,0.980
2.07,0.047,0.981
2.08,0.046,0.981
2.09,0.045,0.982
2.10,0.044,0.982
2.11,0.043,0.983
2.12,0.042,0.983
2.13,0.041,0.983
2.14,0.040,0.984
2.15,0.040,0.984
2.16,0.039,0.985
2.17,0.038,0.985
2.18,0.037,0.985
2.19,0.036,0.986
2.20,0.036,0.986
2.21,0.035,0.986
2.22,0.034,0.987
2.23,0.033,0.987
2.24,0.033,0.988
2.25,0.032,0.988
2.26,0.031,0.988
2.27,0.030,0.988
2.28,0.030,0.989
2.29,0.029,0.989
2.30,0.028,0.989
2.31,0.028,0.990
2.32,0.027,0.990
2.33,0.026,0.990
2.34,0.026,0.990
2.35,0.025,0.991
2.36,0.025,0.991
2.37,0.024,0.991
2.38,0.024,0.991
2.39,0.023,0.992
2.40,0.022,0.992
2.41,0.022,0.992
2.42,0.021,0.992
2.43,0.021,0.993
2.44,0.020,0.993
2.45,0.020,0.993
2.46,0.019,0.993
2.47,0.019,0.993
2.48,0.018,0.993
2.49,0.018,0.994
2.50,0.018,0.994
2.51,0.017,0.994
2.52,0.017,0.994
2.53,0.016,0.994
2.54,0.016,0.995
2.55,0.015,0.995
2.56,0.015,0.995
2.57,0.015,0.995
2.58,0.014,0.995
2.59,0.014,0.995
2.60,0.014,0.995
2.61,0.013,0.996
2.62,0.013,0.996
2.63,0.013,0.996
2.64,0.012,0.996
2.65,0.012,0.996
2.66,0.012,0.996
2.67,0.011,0.996
2.68,0.011,0.996
2.69,0.011,0.996
2.70,0.010,0.997
2.71,0.010,0.997
2.72,0.010,0.997
2.73,0.010,0.997
2.74,0.009,0.997
2.75,0.009,0.997
2.76,0.009,0.997
2.77,0.009,0.997
2.78,0.008,0.997
2.79,0.008,0.997
2.80,0.008,0.997
2.81,0.008,0.998
2.82,0.008,0.998
2.83,0.007,0.998
2.84,0.007,0.998
2.85,0.007,0.998
2.86,0.007,0.998
2.87,0.007,0.998
2.88,0.006,0.998
2.89,0.006,0.998
2.90,0.006,0.998
2.91,0.006,0.998
2.92,0.006,0.998
2.93,0.006,0.998
2.94,0.005,0.998
2.95,0.005,0.998
2.96,0.005,0.999
2.97,0.005,0.999
2.98,0.005,0.999
2.99,0.005,0.999
3.00,0.004,0.999
3.01,0.004,0.999
3.02,0.004,0.999
3.03,0.004,0.999
3.04,0.004,0.999
3.05,0.004,0.999
3.06,0.004,0.999
3.07,0.004,0.999
3.08,0.004,0.999
3.09,0.003,0.999
3.10,0.003,0.999
3.11,0.003,0.999
3.12,0.003,0.999
3.13,0.003,0.999
3.14,0.003,0.999
3.15,0.003,0.999
3.16,0.003,0.999
3.17,0.003,0.999
3.18,0.003,0.999
3.19,0.003,0.999
3.20,0.002,0.999
3.21,0.002,0.999
3.22,0.002,0.999
3.23,0.002,0.999
3.24,0.002,0.999
3.25,0.002,0.999
3.26,0.002,0.999
3.27,0.002,1.000
3.28,0.002,1.000
3.29,0.002,1.000
3.30,0.002,1.000
3.31,0.002,1.000
3.32,0.002,1.000
3.33,0.002,1.000
3.34,0.002,1.000
3.35,0.002,1.000
3.36,0.001,1.000
3.37,0.001,1.000
3.38,0.001,1.000
3.39,0.001,1.000
3.40,0.001,1.000
3.41,0.001,1.000
3.42,0.001,1.000
3.43,0.001,1.000
3.44,0.001,1.000
3.45,0.001,1.000
3.46,0.001,1.000
3.47,0.001,1.000
3.48,0.001,1.000
3.49,0.001,1.000
3.50,0.001,1.000
3.51,0.001,1.000
3.52,0.001,1.000
3.53,0.001,1.000
3.54,0.001,1.000
3.55,0.001,1.000
3.56,0.001,1.000
3.57,0.001,1.000
3.58,0.001,1.000
3.59,0.001,1.000
3.60,0.001,1.000
3.61,0.001,1.000
3.62,0.001,1.000
3.63,0.001,1.000
3.64,0.001,1.000
3.65,0.001,1.000
3.66,0.001,1.000
3.67,0.001,1.000
3.68,0.001,1.000
3.69,0.000,1.000
3.70,0.000,1.000
3.71,0.000,1.000
3.72,0.000,1.000
3.73,0.000,1.000
3.74,0.000,1.000
3.75,0.000,1.000
3.76,0.000,1.000
3.77,0.000,1.000
3.78,0.000,1.000
3.79,0.000,1.000
3.80,0.000,1.000
3.81,0.000,1.000
3.82,0.000,1.000
3.83,0.000,1.000
3.84,0.000,1.000
3.85,0.000,1.000
3.86,0.000,1.000
3.87,0.000,1.000
3.88,0.000,1.000
3.89,0.000,1.000
3.90,0.000,1.000
3.91,0.000,1.000
3.92,0.000,1.000
3.93,0.000,1.000
3.94,0.000,1.000
3.95,0.000,1.000
3.96,0.000,1.000
3.97,0.000,1.000
3.98,0.000,1.000
3.99,0.000,1.000
4.00,0.000,1.000
